Row Labels,Sum of Sales_Price,,,,
2023," $70,269,661.25 ",,,,
Jan," $7,427,821.05 ",,,,
Feb," $5,627,477.45 ",,,,
Mar," $6,008,259.41 ",,,,
Apr," $5,468,497.62 ",,,,
May," $5,800,626.51 ",,,,
Jun," $6,142,561.23 ",,,,
Jul," $4,751,432.42 ",,,,
Aug," $6,716,190.61 ",,,,
Sep," $4,557,015.58 ",,,,
Oct," $6,560,606.39 ",,,,
Nov," $4,958,930.19 ",,,,
Dec," $6,250,242.79 ",,,,
2024," $60,279.46 ",,,,
Jan," $60,279.46 ",,,,
Grand Total," $70,329,940.71 ",,,,
,,,,,
,,,,,
,,,,,
,,,,,
,,,,,
,,,,,
,,,,,
Row Labels,Sum of Sales_Price,,,,
East," $18,077,401.05 ",,,,
North," $18,208,403.85 ",,,,
South," $16,282,567.16 ",,,,
West," $17,761,568.65 ",,,,
Grand Total," $70,329,940.71 ",,,,
,,,,,
,,,,,
,,,,,
,,,,,
,,,,,
,,,,,
,,,,,
,,,,,
,,,,,
,,,,,
,,,,,
,,,,,
Row Labels,Sum of Sales_Price,,,,
Alice," $13,397,730.09 ",,,,
Bob," $13,712,628.18 ",,,,
Charlie," $11,552,249.05 ",,,,
David," $16,395,583.95 ",,,,
Eve," $15,271,749.44 ",,,,
Grand Total," $70,329,940.71 ",,,,
,,,,,
,,,,,
,,,,,
,,,,,
,,,,,
,,,,,
,,,,,
,,,,,
,,,,,
,,,,,
,,,,,
,,,,,
,,,,,
,,,,,
,,,,,
Row Labels,Count of Product_ID,,,,
Online,488,,,,
Retail,512,,,,
Grand Total,1000,,,,
,,,,,
,,,,,
,,,,,
,,,,,
,,,,,
,,,,,
,,,,,
,,,,,
,,,,,
Row Labels,Count of Product_ID,,,,
Bank Transfer,342,,,,
Cash,313,,,,
Credit Card,345,,,,
Grand Total,1000,,,,
,,,,,
,,,,,
,,,,,
,,,,,
,,,,,
,,,,,
,,,,,
,,,,,
Row Labels,Sum of Sales_Price,,,,
New," $36,529,262.01 ",,,,
Returning," $33,800,678.70 ",,,,
Grand Total," $70,329,940.71 ",,,,
,,,,,
,,,,,
,,,,,
,,,,,
,,,,,
,,,,,
,,,,,
,,,,,
Sum of Sales_Price,Column Labels,,,,
Row Labels,East,North,South,West,Grand Total
Alice," $3,866,647.81 "," $3,193,190.68 "," $3,537,229.80 "," $2,800,661.80 "," $13,397,730.09 "
Bob," $3,708,093.27 "," $3,295,469.98 "," $2,778,185.86 "," $3,930,879.07 "," $13,712,628.18 "
Charlie," $2,747,955.77 "," $2,930,449.98 "," $2,407,970.96 "," $3,465,872.34 "," $11,552,249.05 "
David," $4,141,732.92 "," $4,850,649.65 "," $3,512,851.14 "," $3,890,350.24 "," $16,395,583.95 "
Eve," $3,612,971.28 "," $3,938,643.56 "," $4,046,329.40 "," $3,673,805.20 "," $15,271,749.44 "
Grand Total," $18,077,401.05 "," $18,208,403.85 "," $16,282,567.16 "," $17,761,568.65 "," $70,329,940.71 "
,,,,,
,,,,,
,,,,,
,,,,,
,,,,,
,,,,,
,,,,,
,,,,,
,,,,,
,,,,,
Row Labels,Sum of Sales_Price,,,,
Clothing," $19,286,733.93 ",,,,
Electronics," $17,571,040.57 ",,,,
Food," $15,141,885.65 ",,,,
Furniture," $18,330,280.56 ",,,,
Grand Total," $70,329,940.71 ",,,,
,,,,,
,,,,,
,,,,,
,,,,,
,,,,,
,,,,,
,,,,,
,,,,,
,,,,,
Row Labels,Sum of Profit,,,,
Clothing," $1,712,957.80 ",,,,
Electronics," $1,574,320.06 ",,,,
Food," $1,421,108.05 ",,,,
Furniture," $1,779,461.16 ",,,,
Grand Total," $6,487,847.07 ",,,,
,,,,,
,,,,,
,,,,,
,,,,,
,,,,,
,,,,,
,,,,,
,,,,,
Row Labels,Average of Profit_margin,,,,
Clothing,14%,,,,
Electronics,14%,,,,
Food,14%,,,,
Furniture,15%,,,,
Grand Total,14%,,,,
,,,,,
,,,,,
,,,,,
,,,,,
,,,,,
,,,,,
,,,,,
,,,,,
,,,,,
,,,,,
,,,,,
Sum of Sales_Price,Column Labels,,,,
Row Labels,East,North,South,West,Grand Total
Clothing," $4,954,937.56 "," $5,154,802.46 "," $4,566,009.38 "," $4,610,984.53 "," $19,286,733.93 "
Electronics," $4,966,020.72 "," $4,407,194.44 "," $3,717,512.02 "," $4,480,313.39 "," $17,571,040.57 "
Food," $4,034,119.30 "," $3,679,017.02 "," $3,936,362.91 "," $3,492,386.42 "," $15,141,885.65 "
Furniture," $4,122,323.47 "," $4,967,389.93 "," $4,062,682.85 "," $5,177,884.31 "," $18,330,280.56 "
Grand Total," $18,077,401.05 "," $18,208,403.85 "," $16,282,567.16 "," $17,761,568.65 "," $70,329,940.71 "
